{"name": "The train of the dead", "version": "1.0", "location": {"callable": {"small": ["game/gui.rpy", 425], "touch": ["game/gui.rpy", 418]}, "screen": {"load": ["game/screens.rpy", 593], "help": ["game/screens.rpy", 972], "say": ["game/screens.rpy", 98], "notify": ["game/screens.rpy", 1260], "keyboard_help": ["game/screens.rpy", 1001], "gamepad_help": ["game/screens.rpy", 1075], "preferences": ["game/screens.rpy", 715], "confirm": ["game/screens.rpy", 1141], "mouse_help": ["game/screens.rpy", 1052], "input": ["game/screens.rpy", 174], "save": ["game/screens.rpy", 586], "skip_indicator": ["game/screens.rpy", 1204], "file_slots": ["game/screens.rpy", 600], "choice": ["game/screens.rpy", 207], "game_menu": ["game/screens.rpy", 420], "main_menu": ["game/screens.rpy", 355], "nvl": ["game/screens.rpy", 1299], "quick_menu": ["game/screens.rpy", 1421], "about": ["game/screens.rpy", 546], "nvl_dialogue": ["game/screens.rpy", 1331], "navigation": ["game/screens.rpy", 292], "history": ["game/screens.rpy", 882]}, "define": {"gui.accent_color": ["game/gui.rpy", 26], "gui.interface_text_size": ["game/gui.rpy", 73], "build.name": ["game/options.rpy", 40], "gui.bar_tile": ["game/gui.rpy", 314], "gui.nvl_thought_xpos": ["game/gui.rpy", 392], "gui.slot_button_text_idle_color": ["game/gui.rpy", 229], "config.history_length": ["game/gui.rpy", 338], "config.after_load_transition": ["game/options.rpy", 87], "gui.page_spacing": ["game/gui.rpy", 270], "gui.page_button_borders": ["game/gui.rpy", 187], "gui.idle_color": ["game/gui.rpy", 29], "config.window": ["game/options.rpy", 109], "gui.slider_tile": ["game/gui.rpy", 316], "gui.main_menu_text_xalign": ["game/gui.rpy", 276], "gui.nvl_button_xalign": ["game/gui.rpy", 399], "gui.nvl_text_ypos": ["game/gui.rpy", 386], "gui.frame_borders": ["game/gui.rpy", 285], "gui.nvl_list_length": ["game/gui.rpy", 367], "gui.slot_button_borders": ["game/gui.rpy", 226], "gui.scrollbar_borders": ["game/gui.rpy", 320], "config.enter_transition": ["game/options.rpy", 76], "gui.pref_spacing": ["game/gui.rpy", 264], "gui.dialogue_text_xalign": ["game/gui.rpy", 139], "gui.nvl_text_xpos": ["game/gui.rpy", 385], "config.window_icon": ["game/options.rpy", 153], "gui.muted_color": ["game/gui.rpy", 47], "b": ["game/script.rpy", 7], "gui.dialogue_ypos": ["game/gui.rpy", 132], "config.has_sound": ["game/options.rpy", 49], "d": ["game/script.rpy", 11], "gui.button_text_font": ["game/gui.rpy", 159], "gui.nvl_name_ypos": ["game/gui.rpy", 380], "gui.game_menu_background": ["game/gui.rpy", 89], "gui.choice_button_text_hover_color": ["game/gui.rpy", 213], "gui.nvl_button_xpos": ["game/gui.rpy", 398], "gui.name_xalign": ["game/gui.rpy", 112], "gui.namebox_borders": ["game/gui.rpy", 121], "gui.frame_tile": ["game/gui.rpy", 297], "gui.nvl_text_xalign": ["game/gui.rpy", 388], "gui.vbar_borders": ["game/gui.rpy", 324], "config.end_game_transition": ["game/options.rpy", 92], "gui.slot_button_text_size": ["game/gui.rpy", 227], "gui.dialogue_xpos": ["game/gui.rpy", 131], "gui.namebox_height": ["game/gui.rpy", 117], "config.version": ["game/options.rpy", 26], "gui.history_text_width": ["game/gui.rpy", 354], "gui.radio_button_borders": ["game/gui.rpy", 181], "gui.button_text_size": ["game/gui.rpy", 162], "config.window_hide_transition": ["game/options.rpy", 115], "gui.about": ["game/options.rpy", 32], "gui.vslider_borders": ["game/gui.rpy", 326], "gui.navigation_spacing": ["game/gui.rpy", 261], "gui.choice_button_borders": ["game/gui.rpy", 208], "config.intra_transition": ["game/options.rpy", 82], "gui.slot_button_width": ["game/gui.rpy", 224], "gui.choice_button_text_xalign": ["game/gui.rpy", 211], "gui.show_name": ["game/options.rpy", 21], "gui.slot_button_text_selected_hover_color": ["game/gui.rpy", 231], "gui.title_text_size": ["game/gui.rpy", 82], "gui.slot_button_text_selected_idle_color": ["game/gui.rpy", 230], "gui.button_text_idle_color": ["game/gui.rpy", 165], "gui.notify_frame_borders": ["game/gui.rpy", 294], "c": ["game/script.rpy", 8], "gui.navigation_xpos": ["game/gui.rpy", 249], "gui.slot_button_height": ["game/gui.rpy", 225], "gui.history_text_ypos": ["game/gui.rpy", 353], "config.nvl_list_length": ["game/screens.rpy", 1352], "gui.notify_text_size": ["game/gui.rpy", 79], "config.has_voice": ["game/options.rpy", 51], "gui.selected_color": ["game/gui.rpy", 40], "gui.history_text_xpos": ["game/gui.rpy", 352], "gui.skip_frame_borders": ["game/gui.rpy", 291], "gui.confirm_button_text_xalign": ["game/gui.rpy", 185], "gui.text_font": ["game/gui.rpy", 58], "gui.history_name_xpos": ["game/gui.rpy", 346], "gui.main_menu_background": ["game/gui.rpy", 88], "gui.button_width": ["game/gui.rpy", 148], "gui.button_text_selected_color": ["game/gui.rpy", 167], "gui.nvl_thought_ypos": ["game/gui.rpy", 393], "config.save_directory": ["game/options.rpy", 146], "gui.skip_ypos": ["game/gui.rpy", 252], "gui.namebox_tile": ["game/gui.rpy", 125], "gui.nvl_text_width": ["game/gui.rpy", 387], "gui.hover_color": ["game/gui.rpy", 36], "gui.interface_text_color": ["game/gui.rpy", 52], "config.thumbnail_width": ["game/gui.rpy", 234], "gui.idle_small_color": ["game/gui.rpy", 33], "config.exit_transition": ["game/options.rpy", 77], "gui.button_text_xalign": ["game/gui.rpy", 172], "gui.name_xpos": ["game/gui.rpy", 107], "gui.name_text_size": ["game/gui.rpy", 70], "gui.history_text_xalign": ["game/gui.rpy", 355], "gui.file_slot_rows": ["game/gui.rpy", 239], "gui.button_text_insensitive_color": ["game/gui.rpy", 168], "gui.hover_muted_color": ["game/gui.rpy", 48], "gui.scrollbar_size": ["game/gui.rpy", 310], "gui.quick_button_text_selected_color": ["game/gui.rpy", 192], "gui.nvl_thought_width": ["game/gui.rpy", 394], "gui.history_height": ["game/gui.rpy", 342], "gui.text_size": ["game/gui.rpy", 67], "gui.unscrollable": ["game/gui.rpy", 330], "gui.choice_button_text_font": ["game/gui.rpy", 209], "gui.slot_spacing": ["game/gui.rpy", 273], "gui.quick_button_text_idle_color": ["game/gui.rpy", 191], "config.window_show_transition": ["game/options.rpy", 114], "config.narrator_menu": ["game/screens.rpy", 217], "gui.nvl_height": ["game/gui.rpy", 371], "gui.choice_button_height": ["game/gui.rpy", 206], "gui.nvl_spacing": ["game/gui.rpy", 375], "quick_menu": ["game/screens.rpy", 271], "gui.insensitive_color": ["game/gui.rpy", 43], "gui.bar_borders": ["game/gui.rpy", 319], "gui.dialogue_width": ["game/gui.rpy", 135], "gui.scrollbar_tile": ["game/gui.rpy", 315], "gui.quick_button_text_size": ["game/gui.rpy", 190], "j": ["game/script.rpy", 10], "config.has_music": ["game/options.rpy", 50], "gui.textbox_height": ["game/gui.rpy", 98], "gui.file_slot_cols": ["game/gui.rpy", 238], "r": ["game/script.rpy", 12], "gui.text_color": ["game/gui.rpy", 51], "gui.history_name_xalign": ["game/gui.rpy", 349], "config.name": ["game/options.rpy", 15], "gui.button_text_hover_color": ["game/gui.rpy", 166], "gui.textbox_yalign": ["game/gui.rpy", 102], "gui.nvl_name_width": ["game/gui.rpy", 381], "gui.choice_button_text_idle_color": ["game/gui.rpy", 212], "gui.button_borders": ["game/gui.rpy", 152], "gui.button_tile": ["game/gui.rpy", 156], "gui.choice_button_tile": ["game/gui.rpy", 207], "gui.history_name_width": ["game/gui.rpy", 348], "gui.language": ["game/gui.rpy", 407], "gui.notify_ypos": ["game/gui.rpy", 255], "gui.nvl_name_xalign": ["game/gui.rpy", 382], "gui.label_text_size": ["game/gui.rpy", 76], "gui.nvl_thought_xalign": ["game/gui.rpy", 395], "gui.namebox_width": ["game/gui.rpy", 116], "gui.choice_button_text_insensitive_color": ["game/gui.rpy", 214], "gui.slider_borders": ["game/gui.rpy", 321], "gui.history_allow_tags": ["game/screens.rpy", 922], "gui.name_text_font": ["game/gui.rpy", 61], "gui.name_ypos": ["game/gui.rpy", 108], "gui.nvl_borders": ["game/gui.rpy", 363], "a": ["game/script.rpy", 6], "gui.pref_button_spacing": ["game/gui.rpy", 267], "config.thumbnail_height": ["game/gui.rpy", 235], "gui.bar_size": ["game/gui.rpy", 309], "gui.choice_button_width": ["game/gui.rpy", 205], "gui.interface_text_font": ["game/gui.rpy", 64], "gui.history_name_ypos": ["game/gui.rpy", 347], "m": ["game/script.rpy", 9], "gui.slot_button_text_xalign": ["game/gui.rpy", 228], "gui.nvl_name_xpos": ["game/gui.rpy", 379], "gui.confirm_frame_borders": ["game/gui.rpy", 288], "gui.slider_size": ["game/gui.rpy", 311], "gui.button_height": ["game/gui.rpy", 149], "gui.check_button_borders": ["game/gui.rpy", 183], "gui.choice_spacing": ["game/gui.rpy", 258], "gui.quick_button_borders": ["game/gui.rpy", 189], "gui.choice_button_text_size": ["game/gui.rpy", 210], "gui.vscrollbar_borders": ["game/gui.rpy", 325]}, "transform": {"delayed_blink": ["game/screens.rpy", 1222], "notify_appear": ["game/screens.rpy", 1271]}, "label": {"start": ["game/script.rpy", 17]}}, "error": false, "size": [1920, 1080], "build": {"documentation_patterns": ["*.html", "*.txt"], "directory_name": "Thetrainofthedead-1.0", "display_name": "The train of the dead", "mac_info_plist": {}, "script_version": true, "include_i686": true, "destination": "Thetrainofthedead-1.0-dists", "renpy": false, "allow_integrated_gpu": true, "include_update": false, "android_permissions": [], "merge": [["linux_i686", "linux"], ["windows_i686", "windows"]], "base_patterns": [["*.py", null], ["*.sh", null], ["*.app/", null], ["*.dll", null], ["*.manifest", null], ["lib/", null], ["renpy/", null], ["update/", null], ["common/", null], ["update/", null], ["old-game/", null], ["icon.ico", null], ["icon.icns", null], ["project.json", null], ["log.txt", null], ["errors.txt", null], ["traceback.txt", null], ["image_cache.txt", null], ["text_overflow.txt", null], ["dialogue.txt", null], ["dialogue.tab", null], ["profile_screen.txt", null], ["files.txt", null], ["memory.txt", null], ["tmp/", null], ["game/saves/", null], ["game/bytecode.rpyb", null], ["archived/", null], ["launcherinfo.py", null], ["android.txt", null], ["game/presplash*.*", ["all"]], [".android.json", ["android"]], ["android-*.png", ["android"]], ["android-*.jpg", ["android"]], ["ouya_icon.png", null], ["ios-presplash.*", ["ios"]], ["ios-launchimage.png", null], ["ios-icon.png", null], ["web-presplash.png", ["web"]], ["web-presplash.jpg", ["web"]], ["web-presplash.webp", ["web"]], ["progressive_download.txt", ["web"]], ["steam_appid.txt", null], ["**~", null], ["**.bak", null], ["**/.**", null], ["**/#**", null], ["**/thumbs.db", null], [".*", null], ["**", ["all"]]], "version": "1.0", "change_icon_i686": true, "archives": [["archive", ["all"]]], "xbit_patterns": ["**.sh", "lib/linux-*/*", "lib/mac-*/*", "**.app/Contents/MacOS/*"], "exclude_empty_directories": true, "renpy_patterns": [["renpy/common/_compat/**", null], ["renpy/common/_roundrect/**", null], ["renpy/common/_outline/**", null], ["renpy/common/_theme**", null], ["**~", null], ["**/#*", null], ["**/.*", null], ["**.old", null], ["**.new", null], ["**.rpa", null], ["**/*.pyc", null], ["**/steam_appid.txt", null], ["renpy.py", ["all"]], ["renpy/", ["all"]], ["renpy/**.py", ["renpy"]], ["renpy/**.pyx", ["renpy"]], ["renpy/**.pyd", ["renpy"]], ["renpy/**.pxi", ["renpy"]], ["renpy/common/", ["all"]], ["renpy/common/_compat/**", ["renpy"]], ["renpy/common/**.rpy", ["renpy"]], ["renpy/common/**.rpym", ["renpy"]], ["renpy/common/_compat/**", ["renpy"]], ["renpy/common/**", ["all"]], ["renpy/**", ["all"]], ["lib/*/renpy", null], ["lib/*/renpy.exe", null], ["lib/*/pythonw.exe", null], ["lib/windows-i686/**", ["windows_i686"]], ["lib/windows-x86_64/**", ["windows"]], ["lib/linux-i686/**", ["linux_i686"]], ["lib/linux-*/**", ["linux"]], ["lib/mac-*/**", ["mac"]], ["lib/**", ["windows", "linux", "mac", "android", "ios"]], ["renpy.sh", ["linux", "mac"]]], "packages": [{"dlc": false, "hidden": false, "description": "PC: Windows and Linux", "formats": ["zip"], "file_lists": ["windows", "linux", "renpy", "all"], "update": true, "name": "pc"}, {"dlc": false, "hidden": false, "description": "Linux", "formats": ["tar.bz2"], "file_lists": ["linux", "renpy", "all"], "update": true, "name": "linux"}, {"dlc": false, "hidden": false, "description": "Macintosh", "formats": ["app-zip", "app-dmg"], "file_lists": ["mac", "renpy", "all"], "update": true, "name": "mac"}, {"dlc": false, "hidden": false, "description": "Windows", "formats": ["zip"], "file_lists": ["windows", "renpy", "all"], "update": true, "name": "win"}, {"dlc": false, "hidden": false, "description": "Windows, Mac, Linux for Markets", "formats": ["zip"], "file_lists": ["windows", "linux", "mac", "renpy", "all"], "update": true, "name": "market"}, {"dlc": false, "hidden": true, "description": "steam", "formats": ["zip"], "file_lists": ["windows", "linux", "mac", "renpy", "all"], "update": true, "name": "steam"}, {"dlc": true, "hidden": true, "description": "android", "formats": ["directory"], "file_lists": ["android", "all"], "update": false, "name": "android"}, {"dlc": true, "hidden": true, "description": "ios", "formats": ["directory"], "file_lists": ["ios", "all"], "update": false, "name": "ios"}, {"dlc": true, "hidden": true, "description": "web", "formats": ["zip"], "file_lists": ["web", "all"], "update": false, "name": "web"}], "executable_name": "Thetrainofthedead"}}